,rs12468344,rs13013760,rs185336055,rs34261765,rs6750442,rs61540355,rs7598570,rs16857268,rs2357890,rs116346698,rs6731491,rs72783415,rs4606895
rs12468344,1.0,0.22709822395428803,-0.28897226431316486,0.18901814195337632,-0.2921987896396676,-0.267797696874954,-0.2686970751269613,0.25583904700693955,-0.15149332510761032,-0.21669184480358814,-0.26811199047022105,-0.15303842366138248,-0.27633913616829936
rs13013760,0.22709822395428803,1.0,-0.07844622982251716,0.2579346490490731,-0.1302037545715883,-0.06850249591563151,-0.1440787408727605,-0.05942158214777032,-0.051606178254472314,-0.055617031042413,-0.06976614299571028,-0.053435163567243496,-0.09833755511110459
rs185336055,-0.28897226431316486,-0.07844622982251716,1.0,-0.11275167478953939,0.16332443832485016,-0.09514007749341796,0.2622944952133354,-0.042762167609800984,0.13754687377702723,-0.035260060935716486,-0.07137734305083608,0.09981402637530941,-0.09064677308050091
rs34261765,0.18901814195337632,0.2579346490490731,-0.11275167478953939,1.0,-0.24646102214221216,-0.07376326909709031,-0.11103815932500614,-0.015154186635738332,-0.2523555409657644,-0.06995863180114703,-0.12697802997867835,-0.0893217417715907,-0.039731447552019405
rs6750442,-0.2921987896396676,-0.1302037545715883,0.16332443832485016,-0.24646102214221216,1.0,0.3148800113506169,0.13600929574666543,-0.01934063529170704,0.22126753074746566,0.06866785446425307,-0.27101752229713433,0.16121162506792713,0.019666201773688444
rs61540355,-0.267797696874954,-0.06850249591563151,-0.09514007749341796,-0.07376326909709031,0.3148800113506169,1.0,-0.25751102196863923,-0.05355386805161258,0.2050674224557571,-0.0677771263193581,0.060207900868101974,0.02804513109512378,0.04880861426209668
rs7598570,-0.2686970751269613,-0.1440787408727605,0.2622944952133354,-0.11103815932500614,0.13600929574666543,-0.25751102196863923,1.0,0.23765211455708635,-0.062357685462659414,-0.1481558170469082,0.10251222138534799,0.0856680187064618,0.18777783278537213
rs16857268,0.25583904700693955,-0.05942158214777032,-0.042762167609800984,-0.015154186635738332,-0.01934063529170704,-0.05355386805161258,0.23765211455708635,1.0,-0.08194860651726836,-0.09391675931724094,-0.048935788639647725,-0.06157904604063947,-0.09250587252437874
rs2357890,-0.15149332510761032,-0.051606178254472314,0.13754687377702723,-0.2523555409657644,0.22126753074746566,0.2050674224557571,-0.062357685462659414,-0.08194860651726836,1.0,0.11019782285114021,0.08566244630760873,0.23832692955902843,-0.03993096239590099
rs116346698,-0.21669184480358814,-0.055617031042413,-0.035260060935716486,-0.06995863180114703,0.06866785446425307,-0.0677771263193581,-0.1481558170469082,-0.09391675931724094,0.11019782285114021,1.0,0.12576816244011718,0.04819779474197986,-0.11754258597284961
rs6731491,-0.26811199047022105,-0.06976614299571028,-0.07137734305083608,-0.12697802997867835,-0.27101752229713433,0.060207900868101974,0.10251222138534799,-0.048935788639647725,0.08566244630760873,0.12576816244011718,1.0,-0.05688396062738631,0.23857902006243306
rs72783415,-0.15303842366138248,-0.053435163567243496,0.09981402637530941,-0.0893217417715907,0.16121162506792713,0.02804513109512378,0.0856680187064618,-0.06157904604063947,0.23832692955902843,0.04819779474197986,-0.05688396062738631,1.0,-0.048493964816685116
rs4606895,-0.27633913616829936,-0.09833755511110459,-0.09064677308050091,-0.039731447552019405,0.019666201773688444,0.04880861426209668,0.18777783278537213,-0.09250587252437874,-0.03993096239590099,-0.11754258597284961,0.23857902006243306,-0.048493964816685116,1.0
