outcome	SNP	EA	OA	beta	se	eaf	p
FG_EUR	rs116346698	C	A	0.0061	0.0056817946040059065	0.041000000000000036	0.28300000000000003
FG_EUR	rs12468344	A	G	-0.0014	0.001459978681624509	0.456	0.3376
FG_EUR	rs12996712	T	G	-0.0028	0.0017931192475889868	0.524	0.1184
FG_EUR	rs13013760	G	A	-0.008	0.005587357989213719	0.03300000000000003	0.1522
FG_EUR	rs13034888	A	G	-0.0006	0.0015208502552688293	0.083	0.6932
FG_EUR	rs16857268	C	T	0.002	0.07562005221599893	0.048000000000000036	0.9789
FG_EUR	rs185336055	T	C	-0.0029	0.014501800366048399	0.075	0.8415
FG_EUR	rs2357890	C	T	0.003	0.001563157573920087	0.4340000000000001	0.05496
FG_EUR	rs34261765	T	C	0.0001	0.0008405558540620726	0.094	0.9053
FG_EUR	rs4335920	A	T	-0.0005	nan	0.354	1.0
FG_EUR	rs4606895	G	A	-0.0069	0.0037479414094754226	0.904	0.06562
FG_EUR	rs61540355	C	T	-0.0007	0.002601857396967378	0.16400000000000006	0.7879
FG_EUR	rs6731491	T	C	-0.0014	0.003590533591045523	0.747	0.6966
FG_EUR	rs6750442	G	A	-0.0012	0.046248988076903204	0.38299999999999995	0.9793
FG_EUR	rs72783415	T	G	0.0027	0.004192793225015038	0.018000000000000002	0.5196
FG_EUR	rs7574150	G	T	0.0024	0.0014872970839970596	0.31499999999999995	0.1066
FG_EUR	rs7598570	C	G	-0.002	0.0027713660797283298	0.66	0.4705
FI_EUR	rs116346698	C	A	-0.0086	0.011215430059405482	0.041000000000000036	0.4432
FI_EUR	rs12468344	A	G	-0.0026	0.0017359451953012875	0.456	0.1342
FI_EUR	rs12996712	T	G	-0.0017	0.0013971665419565463	0.524	0.2237
FI_EUR	rs13013760	G	A	0.0023	0.010444112241980654	0.03300000000000003	0.8257
FI_EUR	rs13034888	A	G	0.003	0.005733392458948161	0.083	0.6008
FI_EUR	rs16857268	C	T	0.0043	0.018489535633268744	0.048000000000000036	0.8161
FI_EUR	rs185336055	T	C	-0.0021	0.004711485143056786	0.075	0.6558
FI_EUR	rs2357890	C	T	-0.0044	0.002790142207924625	0.4340000000000001	0.1148
FI_EUR	rs34261765	T	C	0.0006	0.02108661431151498	0.094	0.9773
FI_EUR	rs4335920	A	T	-0.001	0.0022386966366786647	0.354	0.6551
FI_EUR	rs4606895	G	A	-0.0002	0.0010176870787289944	0.904	0.8442
FI_EUR	rs61540355	C	T	-0.0018	0.01302670654317028	0.16400000000000006	0.8901
FI_EUR	rs6731491	T	C	-0.0003	nan	0.747	1.0
FI_EUR	rs6750442	G	A	-0.0034	0.004447650669101616	0.38299999999999995	0.4446
FI_EUR	rs72783415	T	G	-0.0068	0.0077020480355402075	0.018000000000000002	0.3773
FI_EUR	rs7574150	G	T	-0.0053	0.0027797904171768285	0.31499999999999995	0.05657
FI_EUR	rs7598570	C	G	-0.0038	0.0029790103913533983	0.66	0.2021
HbA1c_EUR	rs116346698	C	A	0.0049	0.0037573848884222094	0.041000000000000036	0.1922
HbA1c_EUR	rs12468344	A	G	0.0013	0.000999324582871172	0.456	0.1933
HbA1c_EUR	rs12996712	T	G	-0.001	0.0018867311949545336	0.524	0.5961
HbA1c_EUR	rs13013760	G	A	0.0062	0.004824985631679451	0.03300000000000003	0.1988
HbA1c_EUR	rs13034888	A	G	0.003	0.0015941361180763069	0.083	0.05985
HbA1c_EUR	rs16857268	C	T	0.0004	0.0018597182461186149	0.048000000000000036	0.8297
HbA1c_EUR	rs185336055	T	C	-0.004	0.0034144414916220996	0.075	0.2414
HbA1c_EUR	rs2357890	C	T	-0.0011	0.002338649292343551	0.4340000000000001	0.6381
HbA1c_EUR	rs34261765	T	C	0.0038	0.0014937273759176618	0.094	0.01096
HbA1c_EUR	rs4335920	A	T	-0.0014	0.001354424160906119	0.354	0.3013
HbA1c_EUR	rs4606895	G	A	-0.0021	0.007610560118987595	0.904	0.7826
HbA1c_EUR	rs61540355	C	T	-0.002	0.002092603698043081	0.16400000000000006	0.3392
HbA1c_EUR	rs6731491	T	C	-0.0015	0.001730679326733916	0.747	0.3861
HbA1c_EUR	rs6750442	G	A	-0.0024	0.0018333186202249081	0.38299999999999995	0.1905
HbA1c_EUR	rs72783415	T	G	-0.0014	0.006509013861415151	0.018000000000000002	0.8297
HbA1c_EUR	rs7574150	G	T	0.0006	0.0006074724134948742	0.31499999999999995	0.3233
HbA1c_EUR	rs7598570	C	G	0.002	0.001241890141101121	0.66	0.1073
2hGlu_EUR	rs116346698	C	A	-0.0118	0.035067714617849	0.041000000000000036	0.7365
2hGlu_EUR	rs12468344	A	G	0.0016	0.01226399862420938	0.456	0.8962
2hGlu_EUR	rs12996712	T	G	0.0042	0.015029557021075154	0.524	0.7799
2hGlu_EUR	rs13013760	G	A	-0.0091	0.07459092183057571	0.03300000000000003	0.9029
2hGlu_EUR	rs13034888	A	G	-0.0096	0.01626745823938316	0.083	0.5551
2hGlu_EUR	rs16857268	C	T	-0.0367	0.031201182850728554	0.048000000000000036	0.2395
2hGlu_EUR	rs185336055	T	C	-0.0108	0.03168345400652679	0.075	0.7332
2hGlu_EUR	rs2357890	C	T	-0.0151	0.010510113213221947	0.4340000000000001	0.1508
2hGlu_EUR	rs34261765	T	C	0.013999999999999999	0.021467228679622887	0.094	0.5143
2hGlu_EUR	rs4335920	A	T	0.0013	0.04671694047991577	0.354	0.9778
2hGlu_EUR	rs4606895	G	A	0.028999999999999998	0.016409877434020226	0.904	0.07719
2hGlu_EUR	rs61540355	C	T	0.0247	0.015087232528034471	0.16400000000000006	0.1016
2hGlu_EUR	rs6731491	T	C	0.0093	0.01270865628704797	0.747	0.4643
2hGlu_EUR	rs6750442	G	A	0.0031	0.007860425469016892	0.38299999999999995	0.6933
2hGlu_EUR	rs72783415	T	G	-0.0479	0.03679646608784948	0.018000000000000002	0.193
2hGlu_EUR	rs7574150	G	T	-0.0043	0.031670291629341096	0.31499999999999995	0.892
2hGlu_EUR	rs7598570	C	G	0.0078	0.012011663518813906	0.66	0.5161
T2D_Xue2018	rs116346698						
T2D_Xue2018	rs12468344	A	G	-0.0021	0.008006489422690213	0.492250821681119	0.7931
T2D_Xue2018	rs12996712	T	G	0.001	0.008038701649399196	0.561146342108191	0.9009999999999999
T2D_Xue2018	rs13013760						
T2D_Xue2018	rs13034888						
T2D_Xue2018	rs16857268						
T2D_Xue2018	rs185336055	T	C	-0.0172	0.01835422673114113	0.0479255136121447	0.3487
T2D_Xue2018	rs2357890	C	T			0.37316124366933795	0.9984
T2D_Xue2018	rs34261765	T	C	0.0153	0.012301733540239435	0.114935284718252	0.2136
T2D_Xue2018	rs4335920	A	T	0.0095	0.008104130213154514	0.345363543378606	0.2411
T2D_Xue2018	rs4606895	G	A	-0.0132	0.012295030946373435	0.885366745948484	0.28300000000000003
T2D_Xue2018	rs61540355						
T2D_Xue2018	rs6731491						
T2D_Xue2018	rs6750442						
T2D_Xue2018	rs72783415						
T2D_Xue2018	rs7574150						
T2D_Xue2018	rs7598570						
