SNP	b1	vb1	b2	vb2
rs192323797	0.07740380229878119	0.003291333763942558	0.00658475	0.00148794576121
rs432276	-0.1817996920464098	0.0006347537487991733	0.0133022	0.000401882209
rs8097034	0.2012068667098733	0.0006116548459316186	-0.0203131	0.00041801438115999997
rs375200	-0.19934509077599982	0.0006637923108398521	0.0183736	0.00041525473284000005
rs7243771	0.19767131776795366	0.0005737275750486879	-0.0198561	0.00041629465089
rs11876064	0.15021349665517986	0.0005458206983622355	-0.00316657	0.00029451021769000003
rs663744	-0.20110633777090448	0.0006738828483517644	0.018749	0.00041394343935999994
rs143700243	-0.11766644509005549	0.010102155029685481	-0.0298837	0.00138655693225
rs80239997	0.06890870246984267	0.003038495757921832	-0.0381457	0.00064422561856
rs118011187	-0.029055321056586318	0.0016513505436966274	-0.0171154	0.00034844942224000004
rs111667085	-0.047564307867656086	6.818238023505811e-05	0.00813547	6.56265250404e-05
rs117635615	-0.04088205359214366	0.0039028227249146515	0.0160592	0.0014366980544400002
rs116987972	-0.04701575465894016	0.0012672971763040787	0.0132613	0.0006217791602499999
rs388645	-0.18679606122966322	0.0006495113290348411	0.0135171	0.00040187819960999996
rs56891718	-0.04748820540788623	6.894712078127264e-05	0.00841693	6.579075432249999e-05
rs116997622	-0.047328999635531124	0.0012672957165352301	0.0130144	0.00062114097529
rs11082222	0.18910599399223357	0.0005760901329397666	-0.014804	0.00040271659684
rs76828988	-0.02783584092483041	0.0004923425385582574	0.00571286	0.00031445219584
rs11873284	0.18598901256319086	0.000562254096003918	-0.0148964	0.00040258817315999996
rs143430768	-0.060967943039338925	0.005583791837030771	0.0380931	0.00119426227561
rs34043550	0.02702131269529037	0.0012165942919940918	0.00498852	0.00024617923800999996
rs74628072	-0.03234545918485091	0.0004938581466024317	0.00260438	0.00034787099169
rs650124	0.020747100594592116	7.877920362966048e-05	-0.00571313	6.227624574090001e-05
rs138986788	0.017539601287801455	0.006281691523245368	-0.0170752	0.0011767369729599997
rs113338444	0.19489197206506464	0.0005779197737387451	-0.0198501	0.0004163028122500001
rs117841998	0.47815913018485906	0.0030958829201835993	-0.0634675	0.0007969611302499999
rs9958420	-0.04688886778843848	0.0010630686711865808	0.0124394	9.055254312810001e-05
rs1680092	-0.19498121822026743	0.0006642174603538247	0.0183129	0.0004152506572899999
rs9964005	-0.03592639763989843	0.0014325569164062167	-0.0147209	0.00039079359225000003
rs72879467	-0.058974237404863794	0.0042852039211331155	0.0207311	0.00113867778249
rs77362086	-0.06282917670782162	0.005217757982362554	0.0229785	0.0009687345002499999
rs147325189	-0.005151114216620982	0.005858308404335952	-0.0206413	0.0010782160304400002
rs116900829	-0.030821370535305644	0.00048047575372357776	0.00691887	0.00031783045284000005
rs183245841	0.07078736882297312	0.0013156183454099421	-0.0512679	0.00061343896329
rs191830650	0.47815913018485906	0.0030958829201835993	-0.0642397	0.0007978308668100001
rs77265397	-0.01990764482973047	0.0002077731946241598	0.0207866	0.00020612057761000002
rs10164256	0.20135081901208593	0.0005955451348379657	-0.0200282	0.00041767914384
rs111425770	-0.055593398854368946	0.001987848138260391	-0.0174133	0.00153453176361
rs77699176	0.03636555992666285	0.0008588295691528403	0.0100976	0.0005277449452899999
rs7239190	0.18087952139604427	0.000558516399692186	-0.0154855	0.00039704946120999995
rs112260982	0.1986175487540867	0.0005946823527706813	-0.0200552	0.00041626200625
rs113114052	0.03517090300430805	0.0009725296644895536	0.00583912	0.00056099817316
rs147124564	-0.10078223143083301	0.003887979746584862	0.032037	0.00085090640209
rs4800461	0.1895881042535767	0.0005633222811261861	-0.015267	0.00040246779455999993
rs4800462	0.19023927128479864	0.0006137173344047934	-0.0157774	0.00040381706304000003
rs11659436	-0.0355364012483674	0.0006254892662537779	-0.00411991	0.0005378549488899999
rs73959811	0.1943635654823217	0.0006218194976669541	-0.0146553	0.00040246378225
rs2046169	-0.036501073941453695	0.00019406284791858536	-0.00461772	0.00016546448688999998
rs117441302	0.46424761095518946	0.0030338106209567483	-0.0618939	0.00079793820484
rs116904674	0.5991760151561887	0.04565526529843752	0.0720366	0.00126507551041
rs138689210	-0.1287050004977914	0.010438944353466057	-0.0297655	0.00164935078884
rs60176203	0.19215657734297137	0.0006128627594699947	-0.0179903	0.00040509210361
rs11872236	0.19838827207013773	0.0006744289884339632	-0.0186495	0.00041507950224999995
rs8092628	0.19821462518861488	0.0006744313741635615	-0.0186473	0.00041507950224999995
rs57017813	-0.029595260823446025	0.00025842633384714906	-0.00410941	0.00016753678096
rs185113419	-0.00697221753193982	0.010006364088085851	0.0184025	0.00126196878564
rs141314372	0.05090410679050636	0.08451491333953498	-0.0255306	0.00151338894529
rs117314311	0.056575589941885475	0.0011577915855707135	-0.0389717	0.0005217249856899999
rs140822227	0.07186633760399086	0.0013382799153311288	-0.0511071	0.00058912512961
rs7226589	0.21417613406562236	0.0006792521401590145	-0.0227692	0.00041902499401000006
rs137885609	-0.006689558404642994	0.005858305752390404	-0.0152796	0.00104877527104
rs143946535	-0.030023767006731854	0.0004885836852445072	0.00602095	0.00031202396164000003
rs146400572	0.018710267951272386	0.0015787109938961944	-0.037961	0.00060757813081
rs11660183	-0.023274456877038063	6.688833113676295e-05	0.00512742	6.34828091121e-05
rs78806064	0.2153313448351989	0.0006797497499138143	-0.0227692	0.00041902499401000006
rs73959812	0.19843708876637872	0.0006749376301337844	-0.0186511	0.00041507950224999995
rs4800479	0.2252373231313979	0.0007025345761145619	-0.0228183	0.00041890218240999994
rs1383798	0.2259052032918065	0.0007210256098044652	-0.0228078	0.00041882441104
rs76387802	-0.03545131010777673	0.0017580748231693125	0.0134807	0.00064818614025
rs72879480	-0.031141933317922862	0.0016711260310055098	0.0607773	0.0010388373610000002
rs7235426	0.19825117560513603	0.0006643000477660766	-0.0186531	0.00041507542756
rs28414500	0.1988882182611335	0.000674931420788684	-0.018337	0.00041536885635999995
rs77994140	0.20399270038089853	0.0006455471599181939	-0.02027	0.00041608248360999994
rs77474948	0.46166555725703595	0.0030159526262282734	-0.0614754	0.0007958830899600001
rs141590297	-0.01563021893030507	0.0005509498796628594	-0.00131089	0.00053163447184
rs10221288	0.1982614642073636	0.0006642999070041961	-0.018632	0.00041507542756
rs145291599	-0.019043340617900608	0.0006061297979230116	0.00385791	0.00026482680225
rs116878259	-0.04257489257082533	0.003917724264075516	0.0324377	0.0008865506249999999
rs8099505	0.19849712486917107	0.0006744274918431726	-0.018717	0.00041509172644000003
rs2086509	0.19547703112264728	0.0006472518159665138	-0.018717	0.00041509172644000003
rs112711493	0.20416011905418419	0.0006091451196700168	-0.0198897	0.00041642932356000003
rs4800499	0.20034408843820847	0.0005987860253912425	-0.0186942	0.00041524250625
rs113568298	0.2004600466444181	0.0006764389198137049	-0.0188309	0.00041500208656
rs151157188	0.01286238359927142	0.009849924736059099	0.0181655	0.00125770948164
rs28623035	0.023356655511609793	0.000131473811244074	0.0094887	0.00011642194201
rs79055743	0.22437387272871898	0.0006904149662357121	-0.0231	0.00041870981375999994
rs186255158	0.07029025024682505	0.0027548585059526663	0.00920124	0.0011840687460899998
rs9950610	0.19934638762341564	0.0006703695144778225	-0.0171917	0.00040697413696
rs8085812	0.19717403073590642	0.0006603938097017464	-0.0188567	0.00041497356681000004
rs9950026	0.19840550429509732	0.0006642979355755524	-0.0188567	0.00041497356681000004
rs9956652	0.20545059557551903	0.0006095384920070055	-0.0203904	0.00041616816004
rs4563127	0.19811818312969623	0.0006749420110431778	-0.0188586	0.00041497356681000004
rs72879482	-0.08691401697972678	0.002527786447604151	0.0164717	0.00112570315225
rs9304376	0.19840550429509732	0.0006642979355755524	-0.0188612	0.00041496949264000003
rs147960638	-0.00767691750261226	0.005858303687334253	-0.0139476	0.0010835749732900002
rs9962826	0.20041520134293614	0.0005991819095570413	-0.0188941	0.00041509580121
rs138578099	0.07504396357042505	0.007088979408701358	-0.0396073	0.0015650806332100002
rs75188720	0.2184084043020498	0.0006525542482268948	-0.0215111	0.0004173522126400001
rs57166041	0.21854389444319666	0.000653991202902592	-0.0215225	0.00041729909841
rs8093467	-0.025011828583064475	6.651505860283178e-05	0.00528689	6.18500456704e-05
rs112081716	0.11228196502997921	0.03269164759710061	0.0200059	0.0011573195763599998
rs138690204	0.038491925263837774	0.001977446635742168	0.00808447	0.001167998976
rs150324369	0.026538457937772833	0.0019947389720595906	0.00249101	0.0010444466604099998
rs146382823	-0.12333736837317005	0.005698907028766305	0.026647	0.00110971599376
rs28840757	0.20463016076721532	0.0006041571781229438	-0.0211255	0.00041613960025000004
rs8085319	-0.02487642222346196	0.0011565041030587753	0.030879	0.00056171370025
rs28767591	0.1991277450447927	0.0006821423152279264	-0.0196892	0.00041507542756
rs112552738	0.20515537974514508	0.0006111911962824573	-0.0211701	0.00041611512121000004
rs113156618	0.20524872061976235	0.000776653329860782	-0.0196935	0.00041505505441
rs111579304	0.22320474259079018	0.000684103662328841	-0.0215372	0.00041723781696
rs142097694	-0.008160120537776394	0.0016079195694761847	-0.0344506	0.00103243329225
rs112915023	0.20544423345369955	0.0006116009096955845	-0.0211726	0.00041611512121000004
rs149635749	-0.07847369385976603	0.004006313475043812	0.0339405	0.0009250722250000001
rs148715965	0.02638662268295618	0.0005771991017751506	-0.0152945	0.00026539016464000004
rs4800525	0.2009685912859294	0.0006085453228847205	-0.019719	0.00041518545121000007
rs4380133	0.2228674184870068	0.000693136419556299	-0.0239116	0.00041877938880999997
rs1126061	0.22322080122287552	0.000704242818168928	-0.0227521	0.00041420797441000005
rs138570918	0.05502447927890425	0.001468669191323436	-0.0490725	0.00057705167961
rs112326908	0.22316636619703117	0.0007048040314439772	-0.0239225	0.00041876711044000004
rs142031785	0.0393027194164104	0.0020111314802687	0.00973414	0.001164379129
rs77513155	-0.020765828429736365	0.001477163568012654	-0.0276067	0.0011702898902499997
rs190749401	0.13886125268324168	0.000815267324755249	-0.00996541	0.00036879361599999994
rs76802915	0.21576784560858997	0.0007022125443753692	-0.0236092	0.00041839475208999997
rs1481426	0.2160032528456343	0.0006323602907233141	-0.0199202	0.00041962293409000004
rs79878781	0.14460617449675905	0.0018988472518516168	0.0197559	0.0008609705692900001
rs140302721	-0.08452410042483972	0.005551734375768061	0.0245848	0.000975562756
rs12326167	0.22071709867527242	0.0006583133947918848	-0.0201886	0.00042178890625
rs1017838	0.2016720527330871	0.0006692217695405218	-0.0187163	0.00041969668225000004
rs1017839	0.2010933892314182	0.0006795204628287245	-0.0184274	0.00041863206025
rs117338976	0.020072172377853442	0.0008001318207088553	0.0550949	0.0007820580040899999
rs1481427	0.22486815699610016	0.0006980139849813438	-0.0225433	0.00042305085123999994
rs150944882	-0.08401778396727427	0.00410461177189743	0.0197534	0.0013569719364099999
rs35796589	-0.0011466616868043727	0.00038950975497318994	0.00408888	0.00023329202121
rs28421652	0.20588676114647878	0.0006151119466994701	-0.0172993	0.00041727049984
rs4800556	0.20049717967867323	0.0006810830810725714	-0.0168631	0.00041683347225000004
rs4800557	0.21638030530019597	0.0006335516400467684	-0.0183363	0.00041790398329000005
rs72879487	0.033429676046702966	0.0019657199455908113	-0.000403063	0.00095546519236
rs77838622	-0.02266501914662848	0.00020679719442227553	0.0193281	0.00020108374416
rs117910444	-0.015042295265522145	0.0005479573743202194	0.00417087	0.00050031847684
rs8089543	-0.005136001034284011	0.0008069624990261582	0.000331104	0.00036928924560999997
rs112699506	0.15837119011105852	0.0019171466857610879	0.0245113	0.0008687107812100001
rs79055040	0.22763908374716096	0.0007086792016136625	-0.0215114	0.00042001223364
rs9946988	-0.023593471731679798	6.623495896321063e-05	0.00667795	6.370865233289999e-05
rs9947069	-0.02345803348922099	6.621925763747197e-05	0.0063284	6.371328184359999e-05
rs113946491	0.22262949367727386	0.000658000192193713	-0.0152718	0.00041874255424000003
rs9959349	0.20401846959169279	0.0006957660818378721	-0.0145223	0.0004186116
rs9961933	0.22154143470500173	0.0006413459831533321	-0.0159766	0.00041954509583999995
rs2382975	0.20373308936586776	0.0006909236846065411	-0.0145233	0.0004186156920099999
rs117438857	-0.01796377500391103	0.00585826528841883	-0.0154668	0.0010926264140099999
rs143550696	-0.031117808916696906	0.01033454498566245	0.038859	0.00139688315001
rs75492202	-0.021428049320944033	0.0002188105777778147	0.0231941	0.00021204019455999998
rs117120396	0.01155476198896787	0.0012655810606991263	-0.047654	0.00064446930496
rs4800184	0.21816879921209653	0.0006348774890079109	-0.0158949	0.00041954509583999995
rs117159665	0.47575381525658594	0.0029161031606621253	-0.0569499	0.0008010881122499999
rs148188291	-0.009114652038452116	0.001424445760958456	0.0477795	0.0011743369459600002
rs76031279	0.014792143719163061	0.0012535029610319206	-0.0486781	0.0006229217305599999
rs74652880	-0.1128361084490739	0.01052804539865305	-0.0328521	0.001711559641
rs112954469	0.1728475679503199	0.0022409466223077476	0.0240955	0.0008763257678399999
rs75662289	-0.05153253782981055	0.0012511332755678918	0.0170737	0.0010302880236099999
rs142225749	-0.11222672145407589	0.005623168142024741	0.0125351	0.0009781944312100002
rs4377239	-0.02614305904274891	0.00014029087777389974	0.000910846	0.00014032297764
rs16940745	0.21955798469478513	0.0007188123265950661	-0.0197419	0.00042251213600999997
rs715428	0.20448013510107085	0.0006867893627827355	-0.0155483	0.00041868525923999993
rs6508320	0.2205825683834242	0.0006325338462171916	-0.0181018	0.00041921334008999993
rs149231192	-0.039226675236779876	0.0016330254027552451	0.0684593	0.0013222604964099997
rs75221057	0.15497171599072887	0.001918621146386685	0.0228306	0.00086891711076
rs113084728	0.014943821479093644	0.000995634539135174	0.0101377	0.00057225729961
rs72881349	-0.0565991119640942	0.00026957913299501224	-0.00550393	0.00023442059664
rs72881350	-0.038530178580169334	0.0005141169577376628	0.00416149	0.00033849008361000005
rs11874318	0.20331715159049069	0.0006757736448281732	-0.0155686	0.00041867707456
rs973653	0.20385412360702115	0.0006757661008498173	-0.0155801	0.00041867298225
rs76364694	0.03496441756868608	0.0008614108008723192	0.00747366	0.00047908892161000003
rs1318841	0.2035723689602505	0.0006873309921680512	-0.0155801	0.00041867298225
rs78565651	0.026348225095726305	0.0011343734923875742	0.00418572	0.0008814189076899999
rs1443354	0.1956782124362206	0.0006700192987274695	-0.0155492	0.00041871390625000004
rs113519643	0.07064332333540276	0.04407294858019918	0.0704783	0.0017308595329599999
rs2044190	0.22081002832711327	0.000630298317272605	-0.0172374	0.00042007781764000007
rs1443356	0.23162198352303454	0.0007178099321670779	-0.0197941	0.00042249569208999995
rs1867252	0.22278146599834983	0.0006427429523193327	-0.0168868	0.00041995895041000006
rs1867253	0.2069776442884267	0.0007453094036939371	-0.018131	0.00041903318209
rs144856635	0.00022787382043684988	0.0013954979317518327	0.0475707	0.00113376317796
rs145650980	-0.024492493408858004	0.0058582249353803986	-0.0152239	0.0010601991844899998
rs8098861	0.2290541843004497	0.0006677999196102164	-0.0285911	0.0005066820921600001
rs8099122	-0.02302170286867459	6.523238691218197e-05	0.00480464	6.23157096409e-05
rs4800594	0.20406611567462163	0.0006134245648112699	-0.016421	0.000418079809
rs140104008	-0.04535252864368888	0.001221013730576934	-0.00646625	0.00120072645225
rs117197638	0.0017429318605458831	0.0013929228299024404	0.0444347	0.0011127361492899999
rs8098796	0.21283159281954273	0.0006383459336637875	-0.0172942	0.00041810025625000003
rs113843468	-0.006319114734213827	0.0014937467300417389	0.0100285	0.00056002275904
rs142635177	0.2531268601311822	0.05955955549571286	-0.0234878	0.0014850695395599999
rs8087395	0.23149322755269552	0.0007056861049067193	-0.0212603	0.00042033200399999997
rs6508335	0.22057753575261563	0.0006366503128408047	-0.0187821	0.00041773636996000007
rs8082993	0.22140492914986126	0.000680928619893547	-0.0213555	0.00042001633249
rs8096984	0.20053629361334357	0.000670743127568621	-0.0171814	0.0004161314404899999
rs148348966	-0.007914189763542297	0.0058583031487788205	-0.0188278	0.0010619060516100002
rs76218817	0.0018018720501678015	0.0015891724514331175	0.00216513	0.0005156487224099999
rs111293916	-0.04858767533677001	6.723832645639648e-05	0.00867484	6.51885071236e-05
rs73432762	0.16417835694682187	0.000630775534343955	-0.0200419	0.00041457032100000003
rs7243699	0.20311125672297708	0.0005966109923568409	-0.0186533	0.0004182556716899999
rs72881357	-0.036456750191067706	0.0005103363257419057	0.00144311	0.00034730795043999996
rs187106232	-0.11044352208766244	0.005586846396866358	-0.00814354	0.0012798577800099999
rs72881359	0.007716046838896918	0.0018727811275510414	0.0131429	0.00106761641536
rs117017681	0.011443575015326612	0.0011613471490074772	-0.0475281	0.0006189347865599999
rs17645925	0.15085287129180627	0.0017617773251113718	0.0252909	0.0008612464090000001
rs34615781	0.004900446781555299	0.00042538138573685247	-0.000985158	0.00023435323396
rs113937364	-0.04887848783129841	0.00027981764675475047	0.00234779	0.00025194577984
rs8098817	0.20351295141357753	0.0005801806025010739	-0.0180908	0.00041790398329000005
rs148540897	-0.05004003129182659	0.0011265179487720551	-0.0156219	0.00041732361224999993
rs116978251	0.47274507927998394	0.0027113623988187304	-0.0576673	0.0008246201424400001
rs72881360	-0.022509621501032966	0.0006332507240162032	-0.0135422	0.00036223224976000005
rs113718641	0.20394360625073832	0.0006107890247532618	-0.0190699	0.00041823931081
rs16941100	0.20198288156586772	0.0006852431289666544	-0.0172798	0.00041605392675999996
rs143920045	-0.011762829719560303	0.0010244928539876613	0.0795176	0.0017218350249999998
rs11660409	-0.01799621403982694	0.0005353359661026504	-0.00350733	0.00057025917601
rs4800622	0.20321186693015425	0.0006742461021015993	-0.0168523	0.00041624976484
rs79251384	0.19978031553897488	0.0005855527445398584	-0.0185181	0.00041739307203999995
rs118157167	0.4230742029058702	0.0024553917303936942	-0.0575231	0.0008005391184400001
rs13380950	0.1998692969854947	0.0006868539482877575	-0.0167996	0.0004161314404899999
rs117210854	-0.04493923755614651	0.0028344160541565596	0.00966844	0.00109100732416
rs113237383	-0.0516492762860369	0.0002641650507993465	-0.00462699	0.00023526344688999998
rs190696539	-0.032149162126186015	0.0007554232336457899	0.00261095	0.00033396100515999995
rs28889707	0.19328508681039316	0.0006801183108318304	-0.0168626	0.00041631097369
rs182935630	0.45092654750706146	0.0025310738442819404	-0.0575102	0.00080109377296
rs190959142	-0.2118132182024685	0.06326722453044638	-0.00289334	0.00168846206281
rs72881364	-0.05270817462773803	0.00026476075461422485	-0.0042073	0.00023566241169
rs4800624	0.2020484171797858	0.0005787167923885033	-0.0194525	0.00041756061649
rs151302313	0.04058483733447114	0.0013477524359334712	-0.0484275	0.00066205863025
rs9947645	0.1983021655847443	0.0006790425899187005	-0.0167433	0.00041435859364000004
rs7504527	0.20118295104505157	0.0005871992657416966	-0.0187459	0.00041779768800999996
rs75785594	-0.10769629805968402	0.010353850454471968	-0.0276424	0.0014565061616400002
rs144482160	-0.0020340136409895083	0.001905179452435759	0.00705231	0.0005705409960000001
rs8086047	0.20802950934137657	0.0006406524579636964	-0.0214277	0.00041983190403999994
rs140430711	-0.04976291350335382	0.0007861632865952709	0.00884555	0.00060025980004
rs57611047	0.19947404821521023	0.0006143383971812875	-0.017165	0.00041594378809000005
rs117310579	0.0159843870474673	0.005589546486169033	0.00397556	0.0018837336040000003
rs139108403	-0.029535990425055128	0.0005493183748773463	0.0116704	0.00032895439641
rs149483876	0.015022812943150521	0.0014724446775257155	-0.029119	0.0010181715174400001
rs8093504	0.2083016865240595	0.0006494219031453786	-0.0213576	0.00041994665476
rs142821396	-0.06784754130310026	0.0067764620074049365	0.0130917	0.00101965901041
rs113929471	-0.06384637194497061	0.001399616212953158	-0.0289235	0.0016790243808100002
rs75387558	0.1550802840858435	0.12833289877193108	0.0237526	0.0012007818952899998
rs78011212	0.19846009690142752	0.0005901260849511386	-0.0178298	0.000415385161
rs1025895	0.19922937350518694	0.0005795724815053799	-0.0181971	0.00041551968649000004
rs191116585	-0.09660404989457913	0.0026998426002177475	-0.0802108	0.0018197305588900003
rs1025896	0.19985948455982158	0.0005780081539485764	-0.0184428	0.00041503468175999996
rs115650610	0.22790729458750386	0.0007155455118885593	-0.0213623	0.00041741758864
rs183712958	0.048391175792636895	0.0019771293848921596	0.0217683	0.0014627259193599998
rs16941256	0.2160751963834011	0.0006358128113793442	-0.018874	0.00041739715808999993
rs144238321	-0.0124548653106868	0.0004463858833152387	-0.0172948	0.00041200068484000007
rs920743	-0.015006246157525013	0.00010561350217227695	-0.00635716	8.95566966336e-05
rs117858940	-0.049020188690036166	0.0009783654582052406	-0.01584	0.00042511017123999996
rs8093992	0.21801124556816456	0.0006232905615235589	-0.0188823	0.00041713569120999995
rs920744	0.2229721024597305	0.0006586905438560151	-0.0190373	0.0004180920772900001
rs118000006	-0.024111465451695454	0.00037524752333411193	-0.0121098	0.00041492467809000006
rs4368248	0.22021092518311858	0.0006416945814556163	-0.0188469	0.00041501838400000005
rs11873141	0.22290085048960595	0.0006619216934415468	-0.018767	0.00041484727683999996
rs142716063	0.4288590532398046	0.0021384758385384725	-0.0562239	0.0007864995891599999
rs12964299	-0.01721842753202922	0.00024475296252408565	-0.00179443	0.00020834035600000001
rs112117306	0.2184041998518878	0.0006398790366702568	-0.0189258	0.00041734812680999995
rs77476756	0.22272271951993186	0.0007003539591203112	-0.0215085	0.00041919286564000004
rs72881368	0.011443049877125865	0.0018632199530178829	0.0157522	0.00115343782129
rs111630069	0.19843769038744405	0.000735177665180739	-0.0186447	0.00041749931584000004
rs1992543	0.22002217328161497	0.0007576331026287469	-0.0173077	0.00041599273681000007
rs1992542	0.21904034455890425	0.0007554537408498868	-0.0173069	0.000415996816
rs7239571	0.21315990333051074	0.0006203344042031037	-0.0187763	0.0004175892249999999
rs8087568	0.2139082455666507	0.0006504296656862427	-0.018891	0.0004177936
rs2120224	0.21642977406454655	0.0006516223370713485	-0.0188848	0.00041601313295999996
rs78300232	-0.021481811622180907	0.00037814041779261323	-0.0203966	0.00039935226243999997
rs13381192	0.21520364369936504	0.00063672797749601	-0.0204181	0.0004161355203600001
rs115384349	0.21845274112238583	0.0006871635546788786	-0.0214942	0.00041796122481
rs11873003	0.21267220609895976	0.0006445781032415651	-0.0197229	0.00041547484224
rs67741229	-0.011792882320699943	0.00023646259649178067	-0.00343711	0.00020729376528999999
rs184537021	-0.0018154191568290476	0.001356000936017795	-0.00160004	0.00086555405209
rs10502436	0.01716573559145772	0.00010956960742540816	-0.00504735	0.00010806642025
rs4800635	0.01827024991782673	0.0001114153477965777	-0.00417064	0.00010781707225000001
rs7227578	0.017583414349716102	0.00011137925068479307	-0.00432117	0.00010815792001
rs116869137	-0.03616539228961546	0.0008079924566000525	0.0141203	0.00063581639716
rs6508382	0.017316904382707568	0.00012038195857131123	-0.00377594	0.00011088089999999999
rs6508383	0.0169140787294494	0.00011541613674563975	-0.00515657	0.00011034872209000001
rs116952876	-0.007405698669934058	0.002145038772664087	-0.022385	0.0013878828684899998
rs16941427	0.01670127912666469	0.00011026358838469083	-0.00432508	0.00010772156521
rs138843717	-0.008326856494599695	0.0014338763492202334	0.0463585	0.0012054367363599997
rs78364389	-0.023914459727377414	0.00020202773822911976	0.0217515	0.00018062822404
rs2586204	0.019225646857845335	0.00011136802709715908	-0.00388029	0.00010787522768999999
rs291795	-0.023602624208927385	6.570034812060211e-05	0.00547479	6.23943589801e-05
rs28652646	0.01627505460582203	0.00011370121363305896	-0.00526857	0.00011014712401000001
rs7227189	0.015474280657987057	0.00011417311563608947	-0.00527762	0.00011007996561
rs2164062	0.017657340160936015	0.0001123312451843897	-0.00426756	0.00010789807875999999
rs2384785	0.018430230210299325	0.00010947027899773829	-0.00477526	0.00010791677688999999
rs291794	0.019599229803687526	0.00011595447419079918	-0.006566	0.00011393641081000002
rs2117317	-0.022813003344489137	6.571823271664791e-05	0.00545741	6.23425522329e-05
rs17719278	-0.047814538137047335	0.0002500094107435002	-0.00502779	0.00022166445456
rs117821555	-0.05523363170392502	0.000958878486533811	-0.015704	0.00040621596304000004
rs291792	-0.022653356076389217	6.569503610035938e-05	0.00556458	6.230450062240001e-05
rs10084015	-0.022529863060903647	6.598736152665746e-05	0.00564538	6.222101728090002e-05
rs10084061	0.01775519408568726	0.00011676773518409316	-0.0053213	0.00011013872808999999
rs72881385	-0.04236896782733648	8.407394475117355e-05	0.0107075	8.193291082239999e-05
rs72881387	0.01792400713557158	0.00011647575759883642	-0.00488427	0.00011026260036000002
rs10084017	0.01793137831060489	0.00011668396288214238	-0.00504623	0.00011028780324000001
rs2586202	-0.022916303781942378	6.563195795363663e-05	0.00505974	6.194949264000001e-05
rs13381565	0.016520586354513964	0.00011548714906699163	-0.0050465	0.00011028780324000001
rs2570959	-0.02284369591837392	6.600303221684163e-05	0.00576819	6.235787089e-05
rs117923728	-0.016706514633575278	0.001312179092372367	0.0165696	0.0009979344180100001
rs2586201	-0.02147391841041903	6.546181363814726e-05	0.00613049	6.225241560039999e-05
rs12458521	0.01491431925272996	0.00011356933032779484	-0.00440506	0.00010780253583999998
rs12457114	0.014690203784481206	0.00011881442869875304	-0.00506835	0.00011009255625
rs9960109	-0.01874485614258586	8.067908152713861e-05	0.00624243	6.235329088809999e-05
rs4800659	0.014401443478324876	0.00012135607625254984	-0.00467874	0.00011025840016
rs4800660	-0.014610151005582423	7.793156776806386e-05	0.0062978	6.23248670521e-05
rs61294148	0.01418032003995788	0.00011883681645079933	-0.00509482	0.00011012613480999998
rs72881395	0.016193411477160264	0.000118671621346746	-0.00482863	0.00011191312521000001
rs118035855	0.4485384332274912	0.002833245826834892	-0.0520593	0.00085359802896
rs72881396	0.014336369176945583	0.00012046447525569513	-0.00488351	0.00011006527743999998
rs75103656	0.008461076006940193	0.00015190431465479337	-0.0268889	0.00026112297649000005
rs28464203	0.013470439874324055	0.00011954795180981422	-0.00496221	0.00011021010360999999
rs72881399	-0.0436013789302181	8.418749453607993e-05	0.0114532	8.159870224e-05
rs4800663	0.012308770332163425	0.00011985741731720425	-0.00501044	0.00011035712601
rs4800664	0.011951672822815772	0.00011963424288894716	-0.00500706	0.00011042857225000001
rs56881189	0.013141124786375852	0.00011954417199468411	-0.00442743	0.000110355025
rs77431684	0.013257304635911906	0.00011843315028353241	-0.00455362	0.00011215869024999999
rs9957178	0.014704226945639255	0.00012108112771813213	-0.00459445	0.00011042647055999999
rs35378041	-0.04323926750826178	8.411017363021189e-05	0.0114186	8.156221219239999e-05
rs72882806	-0.02790869711316967	0.0022720889312809202	0.0186707	0.0010441816704399999
rs291782	-0.02503422657165233	6.739684474385615e-05	0.0062999	6.232818283240001e-05
rs139401129	-0.034659564612444675	0.0004694281358930284	-0.0032951	0.0004958148356099999
rs1019977	0.014190203412874244	0.00011984866693093192	-0.00489321	0.00011039494760999999
rs291781	-0.024648483507598705	6.599210796237002e-05	0.00616539	6.24118960144e-05
rs146487405	0.43020392299157156	0.004479861237952092	-0.0755837	0.0017120395782399998
rs59457916	-0.01836631119754765	7.676768497323494e-05	0.00671174	6.241158001e-05
rs58424895	0.015716609146200138	0.0001202888367331998	-0.00480134	0.00011201047224999998
rs181041536	-0.05248962785422676	0.002279063994134519	-0.00845253	0.0015346806250000002
rs56193648	0.019668261243362538	0.0001523066237586856	-0.00538788	0.00011031721024000002
rs111935796	0.1580154847918105	0.001975695841240296	0.0188611	0.0008605539590399999
rs72882810	-0.022806470173670292	0.00015094537735989074	-0.00454698	0.00016140432025000002
rs12457474	-0.022656738041450894	0.00013752464182808878	0.000703202	0.00013911966601000002
rs2586205	0.016043624457287308	0.0001202750913582882	-0.00410808	0.00011167416976
rs192299001	0.026439785171912557	0.0013481251860124417	-0.0485921	0.000736471044
rs7241622	0.01477786990744746	0.00012153183112317797	-0.0047519	0.00011002751235999999
rs7243114	-0.03348329027017755	0.0019202415216312023	-0.0209123	0.00043702320601
rs145147711	0.018302427878531043	0.0011974855301512823	-0.00126343	0.0008910822009999999
rs4800705	0.014636317088564128	0.00011964277512671045	-0.00575631	0.00011020590440999998
rs291786	-0.06258049141246494	0.0007630443926173261	0.00258116	0.0003698544385600001
rs76229894	-0.013053086592477208	0.0005288611494471371	-0.00231667	0.00053411369881
rs291785	-0.012042551745545345	7.010323852314198e-05	0.00794093	6.688017468089999e-05
rs112854521	0.14828106793525805	0.001923792127465364	0.0188849	0.0008604894228099999
rs11083157	0.005479654023110389	0.00012839073732995556	-0.00904693	0.00012107481156
rs141332412	-0.032181517045347906	0.00010492611717276589	0.0167831	0.00010427473225
rs9948725	0.01444046893897257	0.00011985964921470915	-0.00525313	0.00011013662916
rs291784	-0.04135455851033348	8.248503654278175e-05	0.0103897	7.987229263689999e-05
rs291783	0.0157069363459977	0.00012024148819564609	-0.00401754	0.00011159598320999998
rs11874169	0.013814097986759154	0.00012102449411889607	-0.00506984	0.00011004849216000001
rs4368249	0.01412352375468574	0.00012007364158095839	-0.00514254	0.00011006527743999998
rs7235880	0.011752865721374104	0.00012365729804267778	-0.00528753	0.00011009045776000002
rs72882830	0.014943945297922506	0.0001240935430017606	-0.00504668	0.00011130883009
rs75103373	-0.009405230787121768	0.0005836736751185873	0.00554814	0.0003730267332099999
rs12604773	0.012185173290636784	7.067843193825692e-05	-0.00522498	6.70605399025e-05
rs34656972	0.025689827394799285	0.0012923982132502221	-0.0538251	0.0006309390422499999
rs72882834	-0.022774584313754908	0.00013667164606891768	0.000475734	0.00013901117409
rs906116	0.015704533993912036	0.00013997371244213485	-0.00667684	0.00011268247104
rs150030984	-0.026180383612319176	0.001635334584907417	0.0451813	0.00111383722564
rs77636466	-0.04149544454850394	0.0009107421716511555	-0.0145874	0.00038053475329000007
rs77938618	0.38673451117495	0.0020592649238648634	-0.0559412	0.00079266460849
rs3794938	0.013957635599428886	0.00011948405072710413	-0.00399394	0.00011149036921
rs7243222	0.013089387518602655	0.00012019952362061309	-0.00715189	0.00011582494883999999
rs141663748	-0.03315697060875034	0.0012029121294593213	-0.00909317	0.0011822525792100002
rs8086339	-0.03053277965796937	0.000104655105038102	0.0170653	0.00010572980625
rs113947319	0.012663367881877883	0.0001196896089354534	-0.00786169	0.00011536693280999998
rs78025272	0.019564016672926617	0.00010691235034239462	0.00779906	9.436529307239999e-05
rs141119088	-0.023806843304791818	0.0020391671382516126	-0.031028	0.0015601315022499998
rs138535889	0.011424704678047098	0.010167873759188656	0.0362592	0.0013082254963599999
rs4800254	0.021639607160475444	0.00012631554782406836	-0.00722299	0.00011693827044000001
rs151034292	-0.02656212714676371	0.0029206442319465163	-0.00713933	0.0010719076
rs9635908	-0.01402493202087487	0.00012536511836963742	0.00680786	0.00011687123449
rs72882839	0.033860162546711994	0.005348304128347649	0.0223822	0.0013793721720100002
rs189386806	0.004275448113555593	0.010167907046383321	0.0367078	0.0013010304720399999
rs8092018	0.013736699787678844	0.00012262281354859025	-0.00887812	0.00011349919295999998
rs8099087	0.018093711772994608	0.00013256429454632147	-0.00809774	0.00011432314084000002
rs10163728	0.022663199627189087	0.00012667649646237123	-0.0087094	0.000115648516
rs8083036	0.022766134241284944	0.00012389807191662858	-0.00560456	0.00011014082704
rs4453600	-0.01511257119544533	0.00012357149355307238	0.00677797	0.00011683231921
rs76779335	0.3858532099726899	0.0021381254753322864	-0.056564	0.00080581609161
rs6508435	0.02014820346190109	0.00012664047106055644	-0.00716655	0.00011582279641
rs6508436	0.02063568264855103	0.00012363132881145362	-0.00776467	0.00011419914496000001
rs4800257	0.023935841704462037	0.00013089785478177015	-0.00800041	0.00011669184576000001
rs28396881	-0.022045450577600868	0.0001301095173779023	0.00709634	0.00011638525924
rs151019236	-0.00075478230301488	0.0020925484846444297	0.0150616	0.0010838778372900002
rs62089245	0.008832305915734131	0.0003074711017332653	-0.00498098	0.00016787607489
rs1006934	0.021046126668301038	0.00012650390804233764	-0.00751707	0.00011653850209000002
rs2156556	-0.021367009076703154	0.0003636333837577808	-0.0178759	0.000403487569
rs55847512	-0.039735633929452605	0.00026929433398529575	-0.0051041	0.00026720152369000006
rs2016544	0.02395303655251207	0.00012307664231378925	-0.00563987	0.00011023110081000002
rs1006260	0.010292527353887903	7.071006299028332e-05	-0.00841724	6.692843376039999e-05
rs78562091	-0.04933171431586555	0.00094448293068637	-0.0165666	0.000404291449
rs6508441	0.022358314748991772	0.00012521134816201188	-0.00478641	0.00011166994275999998
rs146100179	-0.00385728369357795	0.0020690522501254824	-0.0453277	0.00118358705089
rs72882851	0.015041038473661759	0.00013641395573304985	-0.00849743	0.00012308127364000002
rs185471330	0.004849272438099044	0.006217315930704488	-0.0670192	0.00199316709601
rs4583357	0.022098142932667764	0.00012976359550697075	-0.00720099	0.00011589168409
rs4265914	0.020791536062458114	0.00012860524991188267	-0.00720099	0.00011589168409
rs149941913	-0.009956829830149576	0.0073296416128534984	-0.024431	0.00105382039876
rs72882853	0.023378905319273335	0.0001266630385083492	-0.00728982	0.00011596705344000001
rs55965749	-0.03880801020208414	0.00029351455733725836	-0.00987848	0.00036972752089
rs56012987	0.021753809190071888	0.0001314199465961553	-0.00733641	0.00012205609440999998
rs117713986	0.05008324290196078	0.0009242442561629058	0.0107345	0.00051472719376
rs8087090	0.02196265809645398	0.00012488552192417947	-0.00481636	0.000111767184
rs188464918	0.35310534559470685	0.06327003992011779	-0.01854	0.0013087319169599997
rs192069482	0.027763803487301376	0.0012357302121443958	0.00670035	0.0009500018484100001
rs8085378	0.020032886108485973	0.0001286201263394308	-0.00780966	0.00011660112324000002
rs11659857	-0.011160947227131915	0.00010496085684847485	0.0101433	9.57765609025e-05
rs78054198	-0.03169232944436005	0.0001323224672655443	0.0262452	0.00012579192649
rs7226617	0.02377125915370197	0.00012779340349819448	-0.00469913	0.00011175026943999998
rs118155661	0.3844529874504103	0.002138186313511918	-0.0563612	0.00080640664729
rs181089969	0.11282794951446763	0.005533204877366837	-0.00227771	0.0016972504852899998
rs9962995	0.010376507803049098	7.116922082539417e-05	-0.00655511	6.70541525956e-05
rs4800741	0.02176377525148077	0.00012863637087063683	-0.00675335	0.00011576684024999999
rs3764502	0.022306094638757417	0.00012662175218987554	-0.00752593	0.00011605968361000001
rs141172991	0.4881261904867423	0.0028703319655768995	-0.0555047	0.0008082535280400001
rs112059162	-0.014580708440220832	0.00021298025055572432	0.0179254	0.00014801642244
rs139203308	-0.009815316536829691	0.007122774418026912	-0.0249385	0.0010735648840899997
rs1469768	0.008110092688800584	7.15775429300657e-05	-0.00773004	6.635552389209999e-05
rs145882776	-0.0042820900484075415	0.003556826681720134	0.0455523	0.0015768364483599998
rs149004190	-0.017618821580008	0.00036406084672454945	-0.0196154	0.00040660302735999996
rs142424226	-0.027888985434390338	0.0001117421635796997	0.0143598	0.00010917742143999999
rs188462709	0.198202855791605	0.046182282984499494	0.0174241	0.0014579033062500002
rs1529797	-0.01745103559837145	0.00012306363721426036	0.0032428	0.00011238544144
rs117409111	-0.1422655507243207	0.005961897508258172	0.0440922	0.00138337875844
rs8095236	0.022366812608080495	0.0001281640429074747	-0.00599521	0.00011676315248999999
rs72882867	-0.01529001490663239	0.0006091625503007012	-0.0185978	0.00037287610000000005
rs11083182	0.022375165365565726	6.486893359220924e-05	-0.00461279	6.13706159236e-05
rs137976133	-0.1447753145103371	0.006196955041094503	0.0429941	0.0014079680244099997
rs4800768	0.02092404756399997	0.00012945771544058335	-0.00612817	0.00011667672288999998
rs10853668	-0.01857153694181444	0.00012566315190948413	0.00585804	0.00011663568004
rs11083186	-0.018792103947868604	0.0001255996072934877	0.00561054	0.00011659896360999999
rs8092123	-0.029847045273053784	0.0008913808598233387	-0.0296903	0.0005409252608399999
rs116950320	0.41753961816492763	0.004384587785017297	-0.0673491	0.00147115972249
rs17720074	0.021663241785278908	9.849609294995208e-05	0.00247258	8.53559797689e-05
rs9947441	0.019870606234650562	6.600013751485141e-05	-0.00435424	6.267303055689999e-05
rs4800771	0.02280212445009294	0.0001256378873922914	-0.00345379	0.00011213962815999999
rs146782567	-0.09740497697983405	0.005324328343989431	0.0181597	0.0009737395430400001
rs28433071	-0.03709986929687369	8.316083049597128e-05	0.00958255	8.056947360249998e-05
rs117746855	0.41818582550785854	0.0044322649757879504	-0.0677205	0.00147034669401
rs145843594	-0.4181914248296951	0.33558007191410866	0.0397222	0.0013862441632900002
rs10502435	-0.029520621578824083	0.0001035013407920392	0.0141899	0.00010277904399999999
rs45450492	-0.030075001342783344	0.00010351480095166865	0.0141741	0.00010276890625000001
rs45579846	-0.029424561630805843	0.00010333391583735214	0.013262	0.00010262297809
rs45525934	-0.003234295650281381	0.0008279932778071661	-0.0197744	0.0005665304436100001
rs12373434	-0.029534301491900315	0.00010356159541247087	0.0163277	0.00010218177225
rs187950567	-0.007297875142918716	0.001372335839666852	0.0182651	0.000972878481
rs9951188	0.008560780648587785	7.082947710820514e-05	-0.00692532	6.690389307039999e-05
rs11083190	-0.029705477109569542	0.00010348505043193577	0.0141636	0.000102758769
rs16942790	0.017692845504829052	0.00011647306630053733	-0.00372387	0.00011203799104000001
rs79577108	0.057444564361692624	0.0026552410915335733	0.00294076	0.00085824975681
rs1818274	0.030192351925034402	0.00010303053228908188	-0.015824	0.00010200394008999999
rs143305135	-0.03172516269753411	0.0016172002650751316	0.0523777	0.00119024310001
rs12960229	0.028724797024621076	0.00010254576752368389	-0.0160839	0.00010195142841
rs9957194	0.028762701595463815	0.00010392739156584242	-0.0158912	0.00010196354528999999
rs55756315	0.005967694024151436	0.0001324694015389797	-0.00712445	0.00012322776064
rs8098135	0.008467848214398692	7.051482873306421e-05	-0.00880165	6.676360681e-05
rs185172826	0.07435573569773718	0.016606469941494277	-0.0582837	0.00172865524441
rs138852928	0.1550802840858435	0.12833289877193108	0.00442422	0.00138692187396
rs8090799	0.017293462926694262	0.00011625438944819214	-0.00347307	0.00011201893921
rs145972925	0.07998680882280039	0.05334967249302635	0.0587292	0.0017737069171599998
rs148477096	0.4682437825698234	0.003106946439745828	-0.0421248	0.00090838343236
rs74411038	0.006214708976159424	0.00013438474698440744	-0.00707903	0.00012328993296
rs8092984	0.008625240429083681	7.085148339812588e-05	-0.00913649	6.698145700840001e-05
rs151237423	-0.001519311911366315	0.0009535943733969386	0.0860597	0.0017143905870400003
rs138370457	0.03956560216850412	0.0015585716163577406	-0.0646317	0.0008382183039999999
rs78487224	-0.02323055485688304	0.0001599715356799166	-0.00559481	0.00016306523809
rs149526385	-0.10248340676480107	0.004597780901196811	0.0261086	0.0009072384961599999
rs4800796	-0.008273576031903472	6.988426213428403e-05	0.00863659	6.67621360561e-05
rs12457027	0.017525674013718878	0.00011782014757721716	-0.00354667	0.00011214174609000001
rs16943278	0.16441997111810622	0.002334453550170714	0.0208747	0.00088352212081
rs116238971	-0.029403912026610725	0.00010373293398637238	0.0164065	0.000102151449
rs2063000	0.005340786709876502	8.059767812474694e-05	-0.00942323	6.685237226890001e-05
rs4800278	0.015307936878346395	0.0001230660031808735	-0.00406504	0.00011228581225000001
rs190011568	0.11082630776125738	0.01024933039730133	-0.049231	0.00129986207296
rs11664807	-0.029542136279740856	0.00010340978179984745	0.0165423	0.00010216357775999999
rs11664857	-0.02982580267023016	0.00010351528528654356	0.0166165	0.00010212921480999999
rs56043522	0.005849413468874592	0.00013067539081239272	-0.00740544	0.00012311012024999999
rs4800799	0.008897607072668465	7.0832429328809e-05	-0.00827576	6.674677581689998e-05
rs56410879	0.005923729865404229	0.0001342792172024354	-0.00704948	0.00012334545721000002
rs111637387	-0.029380292141326238	0.00010351614112491521	0.0166209	0.00010212921480999999
rs11872965	0.016972139756095215	0.00011782077498297796	-0.00353522	0.00011214386404
rs35924188	0.009549902062880896	7.017592290752292e-05	-0.00825137	6.67404034704e-05
rs6508481	0.01749261863985651	0.00011649422378362463	-0.0035772	0.00011213539236000001
rs973730	0.02970231331038465	0.0001030532260682172	-0.01551	0.00010184039055999998
rs13381941	-0.009239785441314619	7.054389639577153e-05	0.00854439	6.674187398489999e-05
rs35087820	0.023937273362061386	0.0008212292247951537	0.0122617	0.00048551478335999996
rs2570958	0.008432483150686924	7.0527262966999e-05	-0.00887261	6.67453052484e-05
rs56019306	0.018118444971302872	0.00011794880440945267	-0.00368034	0.00011205704449
rs9946892	0.009380009348876084	7.114081905329456e-05	-0.00889105	6.67508608144e-05
rs188695567	0.19983926427372226	0.04887883784771357	0.00325367	0.0015397540560900002
rs116826070	-0.02994341637267805	0.0001130352833765869	0.0156325	0.00010203626169000002
rs960359	0.0233524053213169	0.00012948631552914453	-0.00373457	0.00011204645903999999
rs11661866	-0.030023677611090222	0.00010933787629821075	0.0156706	0.00010202818081
rs2847120	0.005897663121725112	7.762265754034777e-05	-0.00827406	6.6716224e-05
rs2658450	0.03041874909130135	0.00010912638994736022	-0.0158384	0.00010192315849000002
rs2570957	0.007122228344223924	7.744844562546499e-05	-0.00827847	6.675592638489999e-05
rs11662308	-0.028309627178021247	0.00010981416312145524	0.0156059	0.00010196354528999999
rs58805445	0.014140741240496055	0.00013716458929985447	-0.00728607	0.00012325218361
rs138793802	-0.15116358972207858	0.006196639477888678	0.0427297	0.0013793721720100002
rs77951681	0.02144852848486312	0.00016336511739205702	0.00421641	0.00012202295295999999
rs78024567	-0.05732203055693455	0.0008129768546104373	0.0130464	0.00059452093584
rs147146370	-0.0217855928838559	0.1130287059187607	0.00199816	0.00173348155201
rs117161115	-0.008250190738715002	0.0013244175843230219	0.0165316	0.0008642835616899999
rs7240311	0.02307547196752183	0.00012751224759783634	-0.00377994	0.00011205916163999999
rs7504272	0.0010786309312345139	9.176328645828413e-05	-0.00823553	6.672194172249999e-05
rs72884755	-0.005496579097624785	0.0008094140148176105	-0.020002	0.0005559267996100001
rs6508492	0.023126870067660232	0.00012723274512765849	-0.00388432	0.00011211844996
rs77211890	-0.06024604055170208	0.001718960962610517	-0.00364625	0.0008496350522500001
rs140148428	-0.02556048272410923	0.00010971137626992126	0.016585	0.00010213123600000001
rs75155754	-0.025453560783712754	0.00010997297271668995	0.0165971	0.00010212719364
rs11662735	-0.02482083649537796	0.00011010920892499886	0.0165886	0.00010213729969
rs11662899	-0.02499696606992557	0.0001097849833378608	0.0165855	0.00010213123600000001
rs1318652	0.024173501218278503	0.00010933042184822352	-0.0158024	0.00010198980100000001
rs1815800	0.005462808277544893	7.274340895905024e-05	-0.00824844	6.675118761959999e-05
rs2850567	0.02486279090696061	0.00010916711538807352	-0.015979	0.00010195950625000001
rs8089831	0.014833335281921869	0.0001359461284894582	-0.00772015	0.00012305021184
rs118156801	0.028395467502847153	0.0011287014158868703	-0.0116197	0.00088264844836
rs4800284	0.02361556918478102	0.0001260409889753122	-0.00387718	0.00011209515624999999
rs3752099	0.005281631591333659	7.301611510296772e-05	-0.00822009	6.67551093444e-05
rs117113503	-0.05776539911254407	0.0009660740704931786	-0.0127995	0.00040227121489
rs11662724	-0.025339194346474258	0.00011009087786023225	0.0163048	0.00010224849924000001
rs11083219	0.02356328430725335	0.00012752438582769058	-0.00382895	0.00011211633225000001
rs34373167	-0.026029542427139892	0.00011018812255718488	0.0167846	0.00010203626169000002
rs76355272	-0.02557404432287283	0.00011020685360451184	0.0166096	0.00010213325721
rs11661518	-0.025288653514245956	0.00011027226829447804	0.015666	0.00010196960399999998
rs76568655	0.015412295725138555	0.00013858705745342916	-0.00723554	0.00012357657225
rs12953407	0.02396626803047535	0.00012772717590585998	-0.00377501	0.00011232396289
rs72884767	0.02411279318414016	0.00012810696298773855	-0.00360681	0.00011226462025000001
rs8088368	0.024054400480169495	0.0001277389624768088	-0.00377556	0.00011232184324000001
rs138877068	-0.02621594643704451	0.00011204288263298834	0.0156827	0.00010198576144
rs7407412	-0.005181940749406236	7.190520328474273e-05	0.00826372	6.672194172249999e-05
rs7407416	-0.0055549968692343	7.292442865673101e-05	0.00826708	6.67217783556e-05
rs7407196	0.02578358503348394	0.00012412157996725213	-0.00390497	0.00011216928099999999
rs77637769	-0.02632318836741092	0.00011013314134214263	0.0156237	0.00010197970224999999
rs143838429	0.02635965191655476	0.0008059637815863641	0.00455598	0.00050035426596
rs2850556	-0.005617197970428847	7.294302616579636e-05	0.00824166	6.672194172249999e-05
rs113518143	0.08037592469176728	0.032697039658855814	0.0234838	0.0011504510748899998
rs78162981	0.15648850334019687	0.01745399084427892	0.0358357	0.00112340939929
rs149064916	-0.026948386754272358	0.00011006234753875582	0.0156513	0.00010198576144
rs57601148	0.023913964187123014	0.00012966512981674102	-0.00387574	0.00011209092128999998
rs117688795	-0.05656541438014315	0.0009274511915689981	-0.0127189	0.00039099921169000006
rs2850558	-0.005404446637520244	7.300984163552972e-05	0.00825585	6.672128825609999e-05
rs2850559	-0.025491292583059724	0.00010981010596958588	0.0158735	0.00010193729296
rs74973340	-0.015314422223399625	0.00034541946701585374	-0.0185999	0.00043735356900000003
rs2850560	-0.005590258269373806	8.611797695865008e-05	0.00972569	6.81849850564e-05
rs112748887	0.14228323579754476	0.002026858172494627	0.0209493	0.0008841285964900001
rs2847139	-0.00569497435240886	7.181993355520726e-05	0.00825569	6.67193278761e-05
rs142827866	0.016507526015020847	0.0001371620035567145	-0.00732208	0.00012325662441
rs34202260	-0.0052437151355661715	7.32218450444205e-05	0.00825507	6.671900114890001e-05
rs112381653	0.07945388329549749	0.03269716893052188	0.0229426	0.0011496303984399998
rs144187271	-0.027651852674986873	0.0001100584928928138	0.015648	0.00010197768256
rs3017641	-0.006968280569806001	7.141091478795155e-05	0.00822986	6.673795264890001e-05
